,Neighborhood,Neighborhood Latitude,Neighborhood Longitude,Venue,Venue ID,Venue Latitude,Venue Longitude,Venue Category
1198,Midtown South,40.7485096643122,-73.98871313285247,Coppola's,4a807240f964a52040f51fe3,40.74157184432409,-73.98135581011344,Italian Restaurant
736,Little Italy,40.71932379395907,-73.99730467208073,Lupa,3fd66200f964a520dbe91ee3,40.72757667367626,-74.00009498834322,Italian Restaurant
1428,Flatiron,40.73967304763842,-73.99094710528259,Vezzo Thin Crust Pizza,44ae8bc6f964a52027351fe3,40.74450945040422,-73.98117652160661,Pizza Place
410,Midtown,40.754691102706225,-73.98166882730305,Carmine’s Italian Restaurant,3fd66200f964a5209ee81ee3,40.7574973,-73.9867788,Italian Restaurant
929,Gramercy,40.737209832715,-73.98137594833541,Hearth,40f1d480f964a520680a1fe3,40.730032,-73.983304,Italian Restaurant
350,Clinton,40.75910089146212,-73.99611936309479,Tony's Di Napoli,4adce863f964a5206c6221e3,40.75643191257544,-73.9855039331182,Italian Restaurant
687,Tribeca,40.721521967443216,-74.01068328559087,Ecco,3fd66200f964a520f4e41ee3,40.71533713859952,-74.00884766217825,Italian Restaurant
51,Chinatown,40.71561842231432,-73.99427936255978,Lufficio Bar & Bistro,4bc9f311937ca59348afa692,40.717638,-73.99796309999999,Italian Restaurant
555,Greenwich Village,40.72693288536128,-73.99991402945902,Emilio's Ballato,4b0ddac5f964a520645123e3,40.724821351815976,-73.9945343878065,Italian Restaurant
402,Midtown,40.754691102706225,-73.98166882730305,Trattoria Trecolori,4ba56a50f964a520df0439e3,40.76013030944994,-73.98667906965723,Italian Restaurant
302,Lincoln Square,40.773528889421655,-73.98533777001262,Urbani Truffles,4c353f26452620a1a292260f,40.77073970216709,-73.98796440725427,Gourmet Shop
267,Upper West Side,40.787657998534854,-73.97705923630603,Spiga To Go,5ab6c555efa82a61ccc7bda8,40.785134,-73.972769,Italian Restaurant
808,West Village,40.73443393572435,-74.00617998126813,Via Carota,543c7c63498e0a3393da47a2,40.73305214118735,-74.00357299198289,Italian Restaurant
1138,Civic Center,40.71522892046282,-74.00541529873355,Terra Wine Bar,524f650e11d2b2e01dc964f8,40.719268299999996,-74.0065046,Wine Bar
264,Upper West Side,40.787657998534854,-73.97705923630603,Trattoria iL Gusto Wine Bar,5eab58fdae6b090008ea22da,40.7892987,-73.9697758,Italian Restaurant
141,Upper East Side,40.77563857330181,-73.96050763135,Petaluma,4b720a32f964a5209b6b2de3,40.768417261067775,-73.9555105544062,Italian Restaurant
316,Lincoln Square,40.773528889421655,-73.98533777001262,Arte Cafe,3fd66200f964a520a5e31ee3,40.77821610429906,-73.9787076034898,Italian Restaurant
67,Hamilton Heights,40.823604284811935,-73.94968791883366,L’artista Italian Kitchen & Bar,5f14ed061e35e50b6a5aa394,40.824371,-73.948623,Italian Restaurant
800,Soho,40.72218384131794,-74.0006566695976,Locanda Verde,4a149749f964a52055781fe3,40.719981,-74.010002,Italian Restaurant
110,Upper East Side,40.77563857330181,-73.96050763135,Gina La Fornarina,5365a69c498e43ca2718d05c,40.77091675653072,-73.96185609862518,Italian Restaurant
1477,Hudson Yards,40.75665808227519,-74.00011136202637,Bocca Di Bacco,506e48ffe4b078ebe1c30a29,40.7602223750094,-73.99146090472243,Italian Restaurant
797,Soho,40.72218384131794,-74.0006566695976,Tiro A Segno,4b9e79e4f964a52035e736e3,40.72858224368755,-74.00187942789395,Italian Restaurant
326,Lincoln Square,40.773528889421655,-73.98533777001262,Mangia e Bevi,3fd66200f964a520ace71ee3,40.76552261956017,-73.98757984884986,Italian Restaurant
1435,Flatiron,40.73967304763842,-73.99094710528259,Le Cucine @ Eataly,4e0a4deba80926c35bb46df2,40.7425565214871,-73.98992845341151,Pizza Place
1444,Hudson Yards,40.75665808227519,-74.00011136202637,Manganaro's Hero Boy,49f20537f964a520d3691fe3,40.75559362768429,-73.99473199817882,Sandwich Place
953,Battery Park City,40.71193198394565,-74.01686930508617,Gran Morsi,5421eb06498e1b6b9c1bfd9c,40.7142461922744,-74.00792514672227,Italian Restaurant
1047,Carnegie Hill,40.782682567125704,-73.95325646837112,Antonucci,4b3bedfaf964a5209e7e25e3,40.775710646540006,-73.95660701282836,Italian Restaurant
1284,Turtle Bay,40.752042369507215,-73.96770824581834,Pietro's,4b2042fff964a5208f2f24e3,40.750838292591425,-73.97254320978729,Italian Restaurant
879,Morningside Heights,40.807999738165826,-73.96389627905332,La Grata,5943034a1fa7633e4970ddfd,40.810677,-73.95837,Italian Restaurant
825,West Village,40.73443393572435,-74.00617998126813,Piccolo Angolo,4ae37f19f964a520d79521e3,40.73814841742361,-74.00566711276183,Italian Restaurant
833,West Village,40.73443393572435,-74.00617998126813,La Lanterna di Vittorio,3fd66200f964a520cee91ee3,40.73064081178975,-74.00013663852398,Italian Restaurant
37,Chinatown,40.71561842231432,-73.99427936255978,Paesano of Mulberry Street,4b23f44ff964a520b75d24e3,40.71865804005737,-73.99763564551803,Italian Restaurant
1259,Sutton Place,40.760280331313744,-73.96355614094303,Sirio Ristorante,507c649af13693aa3f017cd0,40.765431394841706,-73.97194212267233,Italian Restaurant
1263,Sutton Place,40.760280331313744,-73.96355614094303,Il Postino,4b40fa78f964a520a8be25e3,40.75361318622201,-73.96758838733227,Italian Restaurant
1026,Carnegie Hill,40.782682567125704,-73.95325646837112,Zestys Pizzeria e Salumeria,55881297498ef037cd45b403,40.78362705223304,-73.95039975299682,Italian Restaurant
1027,Carnegie Hill,40.782682567125704,-73.95325646837112,La Mia Pizza,4a356c9ef964a520f99c1fe3,40.774436,-73.950906,Pizza Place
1276,Turtle Bay,40.752042369507215,-73.96770824581834,Il Postino,4b40fa78f964a520a8be25e3,40.75361318622201,-73.96758838733227,Italian Restaurant
1099,Noho,40.72325901885768,-73.98843368023597,Osteria Morini,4c7d4f1b8da18cfa1afc9ece,40.721990000000005,-73.99779000000001,Italian Restaurant
450,Murray Hill,40.748303077252174,-73.97833207924127,Patrizia's of Manhattan,551f21cd498e341e6a5e1276,40.739815,-73.979263,Italian Restaurant
425,Midtown,40.754691102706225,-73.98166882730305,Toscana 49,57559322498e0c448e8bef53,40.75584313594723,-73.97237837991595,Italian Restaurant
345,Clinton,40.75910089146212,-73.99611936309479,Briciola,4c8692bbd4e237045f778c88,40.7638919,-73.9882472,Wine Bar
1220,Midtown South,40.7485096643122,-73.98871313285247,Non Solo Piada,585030bc4bafb73bd0302c6d,40.75427485934127,-73.99243393122256,Italian Restaurant
915,Gramercy,40.737209832715,-73.98137594833541,Rosticceria,4f5a3f7ae4b0d28c6907c6a9,40.742201772100735,-73.9895400719941,Sandwich Place
508,Chelsea,40.744034706747975,-74.00311633472813,Piccolo Angolo,4ae37f19f964a520d79521e3,40.73814841742361,-74.00566711276183,Italian Restaurant
854,Manhattan Valley,40.797307041702865,-73.96428617740655,Fumo,5c5b43f18194fc002c18f606,40.802909,-73.96793100000001,Italian Restaurant
1189,Midtown South,40.7485096643122,-73.98871313285247,Marta,5406665a498e800a29690993,40.74445216108151,-73.98467537536759,Pizza Place
89,East Harlem,40.79224946663033,-73.94418223148523,Neapolitan Express,51b0be57498ef8fafbaa1bbd,40.79422006374323,-73.94101743928907,Pizza Place
1105,Noho,40.72325901885768,-73.98843368023597,Tarallucci e Vino,49e8b984f964a52070651fe3,40.72889324686207,-73.98451308313844,Café
63,Inwood,40.86768396449915,-73.92121042203897,Tenth Avenue NY | Rooftop Bar & Eatery,5cc451ce033693002ca2c39d,40.86205,-73.92047,Cocktail Bar
844,West Village,40.73443393572435,-74.00617998126813,King,57c848e6498e1f0d11d9d3f1,40.72772401456797,-74.00327087456037,Mediterranean Restaurant
556,Greenwich Village,40.72693288536128,-73.99991402945902,Osteria Morini,4c7d4f1b8da18cfa1afc9ece,40.721990000000005,-73.99779000000001,Italian Restaurant
951,Battery Park City,40.71193198394565,-74.01686930508617,Scalini Fedeli,437bc800f964a520a52a1fe3,40.71722617263501,-74.00943297013102,Italian Restaurant
1363,Tudor City,40.7469174107402,-73.97121928722265,Toscana 49,57559322498e0c448e8bef53,40.75584313594723,-73.97237837991595,Italian Restaurant
595,East Village,40.727846777270244,-73.98222616506415,Vic's,54459a46498ecf8ec204cc61,40.72712693831235,-73.99315722406297,Italian Restaurant
729,Little Italy,40.71932379395907,-73.99730467208073,Fiat Café,4be1bcf53ef676b05651c0ca,40.721447789830606,-73.99554515148479,Café
532,Greenwich Village,40.72693288536128,-73.99991402945902,Song' e Napule Pizzeria,54c3198d498eb66c4d02fd9e,40.728044,-74.001814,Italian Restaurant
123,Upper East Side,40.77563857330181,-73.96050763135,83 1/2,504bb0fae4b0d1cf33ca07d0,40.77520589574406,-73.95123198330161,Italian Restaurant
963,Battery Park City,40.71193198394565,-74.01686930508617,Rosella's Pizzeria,4ade131af964a520db7221e3,40.710143,-74.00573100000001,Pizza Place
923,Gramercy,40.737209832715,-73.98137594833541,Bar Veloce,3fd66200f964a520bde41ee3,40.73065957406777,-73.98617895467343,Wine Bar
144,Upper East Side,40.77563857330181,-73.96050763135,Gina La Fornarina,4fec98cce4b0e53ef25f8101,40.784178871710495,-73.95678689543246,Italian Restaurant
80,Manhattanville,40.81693442949779,-73.9573853935188,Coro,4bdce63a3904a5938e3c509e,40.8218994140625,-73.95765686035156,Italian Restaurant
1241,Sutton Place,40.760280331313744,-73.96355614094303,Serafina Always,43f34e1df964a520982f1fe3,40.764541898536784,-73.96992556212501,Italian Restaurant
1012,Financial District,40.707107107270474,-74.01066544521271,Ecco,3fd66200f964a520f4e41ee3,40.71533713859952,-74.00884766217825,Italian Restaurant
1192,Midtown South,40.7485096643122,-73.98871313285247,Le Zie 2000 Trattoria,3fd66200f964a52059eb1ee3,40.742417777951175,-73.99681951083087,Italian Restaurant
518,Chelsea,40.744034706747975,-74.00311633472813,Filaga,56fff9b4498e1acc6cfc46a7,40.74197539765372,-74.0056234494412,Pizza Place
515,Chelsea,40.744034706747975,-74.00311633472813,Villa Pacri,4cb12a5deb65b1f7eec572cd,40.740863580609606,-74.00488791939495,Italian Restaurant
1459,Hudson Yards,40.75665808227519,-74.00011136202637,La Cucina Italiana,4b0af88cf964a520e22a23e3,40.753273010253906,-73.98926544189453,Italian Restaurant
23,Chinatown,40.71561842231432,-73.99427936255978,Cafe'tal Social Club,4f8b60cfe4b09efba3540ce3,40.72420349023217,-73.99441090945868,Café
919,Gramercy,40.737209832715,-73.98137594833541,Sauce Pizzeria,5ba2bdd5c824ae002c065c67,40.73022073882447,-73.98409435083894,Pizza Place
805,West Village,40.73443393572435,-74.00617998126813,Fiaschetteria Pistoia,5c27b46a67a9fe002ce6b3ca,40.733203020194686,-74.0054261097811,Italian Restaurant
361,Clinton,40.75910089146212,-73.99611936309479,Osteria al Doge,3fd66200f964a520a7e81ee3,40.75682415578035,-73.98486049994126,Italian Restaurant
599,East Village,40.727846777270244,-73.98222616506415,Gemma,46e7a0caf964a520ca4a1fe3,40.72618902248362,-73.99178202752438,Italian Restaurant
594,East Village,40.727846777270244,-73.98222616506415,Cacio e Pepe,4230df80f964a520fe1f1fe3,40.73072012355311,-73.98610992772879,Italian Restaurant
558,Greenwich Village,40.72693288536128,-73.99991402945902,MAMO Restaurant,5510c86c498e168f07f2c78b,40.72193956209533,-74.00398779229398,Italian Restaurant
566,Greenwich Village,40.72693288536128,-73.99991402945902,Palma,3fd66200f964a5202de71ee3,40.73131290518396,-74.00240939266102,Italian Restaurant
1213,Midtown South,40.7485096643122,-73.98871313285247,Restivo Ristorante,4a3d2ca8f964a520eaa11fe3,40.743401236478476,-73.99601860553781,Italian Restaurant
526,Chelsea,40.744034706747975,-74.00311633472813,Del Posto,4533d338f964a5208f3b1fe3,40.743439045313,-74.0074489865516,Italian Restaurant
83,Central Harlem,40.81597606742414,-73.94321112603905,king pizza,535718ab498e4a07ef993d64,40.820701599121094,-73.93624877929688,Italian Restaurant
587,East Village,40.727846777270244,-73.98222616506415,Roman's Italian Deli Cafe,53c86025498ee05447aae1be,40.720912489254864,-73.98939910613696,Italian Restaurant
1103,Noho,40.72325901885768,-73.98843368023597,Sant Ambroeus,5278266c11d293a0a590ad87,40.72340098362672,-73.99676947648369,Italian Restaurant
1327,Tudor City,40.7469174107402,-73.97121928722265,Osteria Laguna,4ae5f80bf964a5209ea321e3,40.75052062239424,-73.97394556963978,Italian Restaurant
137,Upper East Side,40.77563857330181,-73.96050763135,Bottega,4f3c537de4b022e41cafe56f,40.767784437931425,-73.95909603603032,Italian Restaurant
700,Tribeca,40.721521967443216,-74.01068328559087,Piccola Cucina Enoteca,579e5513498e9ffc61b6ad8e,40.7263971644023,-74.0021125319019,Italian Restaurant
1224,Sutton Place,40.760280331313744,-73.96355614094303,Canaletto,3fd66200f964a52087e91ee3,40.76189432642175,-73.96569191768275,Italian Restaurant
390,Midtown,40.754691102706225,-73.98166882730305,Casa Nonna,4d0122e21ebe6dcb3d918b91,40.7549995,-73.9927853,Italian Restaurant
1400,Flatiron,40.73967304763842,-73.99094710528259,Scarpetta,49ca37b5f964a520a2581fe3,40.744389,-73.98565699999999,Italian Restaurant
1368,Tudor City,40.7469174107402,-73.97121928722265,Cipriani Dolci,49f1d030f964a520b9691fe3,40.75296890645557,-73.97779158520818,Italian Restaurant
938,Battery Park City,40.71193198394565,-74.01686930508617,Underground Pizza,4b50efc8f964a5207a3927e3,40.70489991012099,-74.00979749401334,Pizza Place
1141,Civic Center,40.71522892046282,-74.00541529873355,Pisillo Italian Panini,528bf16711d2b7722da6b51c,40.710530084460785,-74.00752571804911,Sandwich Place
858,Manhattan Valley,40.797307041702865,-73.96428617740655,Giovanni's,4a86083ff964a520230020e3,40.80169103634082,-73.96106849820596,Pizza Place
1113,Noho,40.72325901885768,-73.98843368023597,Gnoccheria by Luzzo's,56d25b49cd10ac3ebb4e591c,40.723455801486175,-73.98287251475887,Italian Restaurant
1191,Midtown South,40.7485096643122,-73.98871313285247,Serra On The Roof,5aebab20336273002c158f04,40.74205502622817,-73.98971982719925,Italian Restaurant
438,Murray Hill,40.748303077252174,-73.97833207924127,Little Italy Pizza,4a8c31aef964a520410d20e3,40.75378123800584,-73.9798834675708,Pizza Place
669,Tribeca,40.721521967443216,-74.01068328559087,Cipriani Downtown,40f5c900f964a520a30a1fe3,40.72356529900164,-74.00277252633407,Italian Restaurant
1244,Sutton Place,40.760280331313744,-73.96355614094303,Bar Italia,4d840360d5fab60c7b25d99b,40.767856246526655,-73.96832300054497,Cocktail Bar
941,Battery Park City,40.71193198394565,-74.01686930508617,Harry's Italian Pizza Bar,4fa862b3e4b0ebff2f749f06,40.71521779064671,-74.01473940209351,Pizza Place
1146,Civic Center,40.71522892046282,-74.00541529873355,Sola Pasta Bar,5990eb7e2aff3159d842f30c,40.722345283064925,-74.0038790279589,Italian Restaurant
339,Clinton,40.75910089146212,-73.99611936309479,Cara Mia,4b04428af964a520a55222e3,40.76079065661305,-73.99087793218438,Italian Restaurant
106,Upper East Side,40.77563857330181,-73.96050763135,Il Riccio,4a930ebcf964a520a71e20e3,40.774861403610636,-73.95881936282584,Italian Restaurant
527,Chelsea,40.744034706747975,-74.00311633472813,Gradisca,4a87666df964a520360420e3,40.737008115176906,-73.99863004444191,Italian Restaurant
584,East Village,40.727846777270244,-73.98222616506415,Frank's Trattoria,4b4bca62f964a520cba726e3,40.736031128715204,-73.97915989751004,Pizza Place
637,Lower East Side,40.71780674892765,-73.98089031999291,Spaghetti Incident,555ea6a9498e47aa037def3d,40.722075,-73.990104,Italian Restaurant
745,Little Italy,40.71932379395907,-73.99730467208073,Carbone,504b2a9ee4b006c435a465d3,40.72790327156426,-74.00013635911864,Italian Restaurant
1158,Civic Center,40.71522892046282,-74.00541529873355,Pepolino,4ad68c35f964a520c20721e3,40.720911200414974,-74.00515242264551,Italian Restaurant
903,Gramercy,40.737209832715,-73.98137594833541,Bocca Restaurant,4749a1adf964a520934c1fe3,40.73813256567985,-73.98901345499739,Italian Restaurant
165,Yorkville,40.77592984988488,-73.94711784471826,Caffe Buon Gusto - Manhattan,4a6133a6f964a52015c21fe3,40.77249848070456,-73.9569944284568,Italian Restaurant
940,Battery Park City,40.71193198394565,-74.01686930508617,L'angolo,592b5e9c0ff4f9137e2a8390,40.717439744129,-74.01051600154936,Italian Restaurant
1473,Hudson Yards,40.75665808227519,-74.00011136202637,Etcetera Etcetera,4ba293adf964a520ef0538e3,40.759391822450695,-73.99103788186426,Italian Restaurant
183,Yorkville,40.77592984988488,-73.94711784471826,1742 Wine Bar And Lounge,512aa118e4b0202936ab05dc,40.780746563963646,-73.94939303398131,Wine Bar
482,Chelsea,40.744034706747975,-74.00311633472813,Alice,5fb71894ab3ef40ae360cb24,40.736905,-73.99858499999999,Italian Restaurant
1142,Civic Center,40.71522892046282,-74.00541529873355,Harry's Italian Pizza Bar,4a4560a7f964a5201aa81fe3,40.7076335455641,-74.00699585960496,Italian Restaurant
46,Chinatown,40.71561842231432,-73.99427936255978,Taverna di Bacco,4e3f1be9fa76455375ceb418,40.72182786088688,-73.98746767188851,Italian Restaurant
362,Clinton,40.75910089146212,-73.99611936309479,Bocca Di Bacco,506e48ffe4b078ebe1c30a29,40.7602223750094,-73.99146090472243,Italian Restaurant
629,Lower East Side,40.71780674892765,-73.98089031999291,Pizza Shack,4aa5ae24f964a520254920e3,40.71449271948163,-73.98167223061293,Pizza Place
155,Yorkville,40.77592984988488,-73.94711784471826,La Mia Pizza,4a356c9ef964a520f99c1fe3,40.774436,-73.950906,Pizza Place
320,Lincoln Square,40.773528889421655,-73.98533777001262,Abitino's Pizza & Cafe,4d6e8e5d30d5b1f7a510c942,40.765883671181676,-73.98334207518944,Italian Restaurant
74,Manhattanville,40.81693442949779,-73.9573853935188,Bettolona,4c956003f7cfa1cd2e2ebd15,40.814083849456225,-73.95957422392542,Italian Restaurant
912,Gramercy,40.737209832715,-73.98137594833541,Luzzo's,4a790030f964a520cbe61fe3,40.73056492935832,-73.98319149074905,Pizza Place
240,Lenox Hill,40.76811265828733,-73.9588596881376,Primola,422b9980f964a520d81f1fe3,40.76396220266903,-73.96196816246908,Italian Restaurant
1325,Tudor City,40.7469174107402,-73.97121928722265,Lena's Italian Kitchen,57f54dcccd10dbbdcf2f6f62,40.74257597679453,-73.97756432712957,Italian Restaurant
939,Battery Park City,40.71193198394565,-74.01686930508617,Parm,556cb8c6498e751e51fbcf41,40.714513918016635,-74.01626377138824,Italian Restaurant
430,Murray Hill,40.748303077252174,-73.97833207924127,Fagiolini's House of Lasagna,4b25838af964a520257324e3,40.749629999999996,-73.977457,Italian Restaurant
301,Lincoln Square,40.773528889421655,-73.98533777001262,Pasta By Hudson,5c0fffca4f0e58002cb7917d,40.766738069126134,-73.9827541013532,Italian Restaurant
1461,Hudson Yards,40.75665808227519,-74.00011136202637,L'obelisco Ristorsnti,4e90b1cb7ee60278a5f6c868,40.765028,-73.999839,Italian Restaurant
192,Yorkville,40.77592984988488,-73.94711784471826,Bellini Italian Restaurant & Brick Oven Pizza,4ed3a608754ad8083f7d96de,40.783269,-73.951075,Italian Restaurant
463,Murray Hill,40.748303077252174,-73.97833207924127,Vezzo Thin Crust Pizza,44ae8bc6f964a52027351fe3,40.74450945040422,-73.98117652160661,Pizza Place
991,Financial District,40.707107107270474,-74.01066544521271,Pranzo Pizza,520d094711d2181a654c3559,40.70314045378371,-74.010724370479,Pizza Place
513,Chelsea,40.744034706747975,-74.00311633472813,Vento,40da1980f964a52076011fe3,40.74044036865234,-74.00546264648438,Italian Restaurant
1156,Civic Center,40.71522892046282,-74.00541529873355,Paesano of Mulberry Street,4b23f44ff964a520b75d24e3,40.71865804005737,-73.99763564551803,Italian Restaurant
648,Lower East Side,40.71780674892765,-73.98089031999291,Cafe Cotto,4bc20e832a89ef3b9f20f388,40.72491455078125,-73.9786148071289,Italian Restaurant
884,Morningside Heights,40.807999738165826,-73.96389627905332,La Belle,4a18818af964a520c1791fe3,40.79952239990234,-73.9623031616211,Italian Restaurant
97,East Harlem,40.79224946663033,-73.94418223148523,Amanesca,4e5fecc11850e238d6695ec9,40.79093933105469,-73.94694519042969,Italian Restaurant
498,Chelsea,40.744034706747975,-74.00311633472813,Sant Ambroeus West Village,449e952ef964a520bc341fe3,40.735479130526684,-74.00334772613444,Italian Restaurant
48,Chinatown,40.71561842231432,-73.99427936255978,Aunt Jake’s,5b1f14c44f0e58002cddf11d,40.71910035071291,-73.99751603141435,Italian Restaurant
726,Little Italy,40.71932379395907,-73.99730467208073,Sauce Restaurant,4e949c4adab40cefc9390b5a,40.7204716,-73.98932629999999,Italian Restaurant
834,West Village,40.73443393572435,-74.00617998126813,Gene's,49bf033cf964a520fe541fe3,40.735298088622656,-73.99799753076256,Italian Restaurant
40,Chinatown,40.71561842231432,-73.99427936255978,Epistrophy,439b5079f964a520de2b1fe3,40.72125349956161,-73.9956515046584,Café
481,Chelsea,40.744034706747975,-74.00311633472813,Cappone’s Salumeria,56a1214f498e7512685bb8a1,40.742095,-74.00558670000001,Italian Restaurant
417,Midtown,40.754691102706225,-73.98166882730305,Piccolo Cafe,4ce52cc12ea9a143886b112b,40.75600493186332,-73.990476915832,Coffee Shop
158,Yorkville,40.77592984988488,-73.94711784471826,Luigi's Pizzeria,4b2ede2cf964a520aae724e3,40.77822177253231,-73.94842554164335,Pizza Place
374,Clinton,40.75910089146212,-73.99611936309479,Via Trenta,57e55e46498e04b0dc14dbb0,40.75300447356077,-74.00289810123498,Italian Restaurant
55,Washington Heights,40.851902525553044,-73.93690027985234,Saggio Restaurant,4d21107c6e8c37042b58ff9f,40.85142251681508,-73.93976122140884,Italian Restaurant
898,Gramercy,40.737209832715,-73.98137594833541,Follia,57c772d1498e6cb2f6531cdf,40.73514654217377,-73.98581484979155,Italian Restaurant
1443,Hudson Yards,40.75665808227519,-74.00011136202637,Sergimmo Salumeria,4dcae1b18877502200c95822,40.75438818528088,-73.9956419490414,Italian Restaurant
199,Yorkville,40.77592984988488,-73.94711784471826,Sistina,4cf1d4171c158cfa42f6d3b5,40.77457100710825,-73.95425765298152,Italian Restaurant
682,Tribeca,40.721521967443216,-74.01068328559087,Coco Pazzo Kitchen & Restaurant,5ab53749446ea6289e41b0e6,40.72603648767269,-74.00150712341329,Italian Restaurant
996,Financial District,40.707107107270474,-74.01066544521271,Industry Kitchen,55387c1b498e4eca6482f4f5,40.704833087210226,-74.00478253807265,Italian Restaurant
683,Tribeca,40.721521967443216,-74.01068328559087,Serafina Tribeca,596e8fbd6f706a4c51646b72,40.71589149878244,-74.00898094040447,Italian Restaurant
460,Murray Hill,40.748303077252174,-73.97833207924127,Tarallucci e Vino,57ae765338fa130d6efa6e63,40.74352523602315,-73.98474567926496,Italian Restaurant
1449,Hudson Yards,40.75665808227519,-74.00011136202637,Nitti’s,5bd10c0ca35dce002cb16e6c,40.756726,-73.994175,Italian Restaurant
1375,Stuyvesant Town,40.730999554770605,-73.97405170469203,Nonna's Pizza,558857a7498e0bd8b0a01130,40.7294807434082,-73.98133087158203,Italian Restaurant
649,Lower East Side,40.71780674892765,-73.98089031999291,Piada,43d69120f964a5204f2e1fe3,40.721271115077755,-73.9838724131302,Italian Restaurant
90,East Harlem,40.79224946663033,-73.94418223148523,Rao's,3fd66200f964a5207de81ee3,40.793877078094056,-73.93423985121044,Italian Restaurant
1377,Stuyvesant Town,40.730999554770605,-73.97405170469203,Tutto Il Giorno,4bef0bbcc80dc928c16a27e3,40.72895685,-73.984536,Italian Restaurant
1432,Flatiron,40.73967304763842,-73.99094710528259,Vini E Fritti,59dd1ccaf870fd589f795fca,40.74493966883248,-73.98432077847656,Italian Restaurant
829,West Village,40.73443393572435,-74.00617998126813,Pizzetteria Brunetti NYC,5243928d2fc659b07ab2f357,40.738287721407644,-74.00561324715511,Pizza Place
1414,Flatiron,40.73967304763842,-73.99094710528259,Aunt Jake's,59b47aa8e1f0aa6d9ead23d5,40.733242193831366,-73.99860958276693,Italian Restaurant
1232,Sutton Place,40.760280331313744,-73.96355614094303,Morso NYC,4e83babe9a52bd4693c4c46f,40.75928524878532,-73.96049237372317,Italian Restaurant
957,Battery Park City,40.71193198394565,-74.01686930508617,Pisillo Italian Panini,528bf16711d2b7722da6b51c,40.710530084460785,-74.00752571804911,Sandwich Place
174,Yorkville,40.77592984988488,-73.94711784471826,Due,3fd66200f964a520a0e91ee3,40.77463381076971,-73.95711571128723,Italian Restaurant
651,Lower East Side,40.71780674892765,-73.98089031999291,Giano Restaurant,49d8d101f964a520cb5d1fe3,40.7262419854671,-73.98411424942988,Italian Restaurant
1305,Turtle Bay,40.752042369507215,-73.96770824581834,Casa Lever,4acbe3c4f964a5203bc820e3,40.75916373550688,-73.97301220530474,Italian Restaurant
1354,Tudor City,40.7469174107402,-73.97121928722265,Davio's North Italian Steakhouse,525d7bde498e3a406f590b1d,40.75323333931557,-73.97477368607031,Italian Restaurant
130,Upper East Side,40.77563857330181,-73.96050763135,The Meatball Shop,51c9e3f9498e2cb9c31d19ff,40.77165010970168,-73.95626364966381,Italian Restaurant
688,Tribeca,40.721521967443216,-74.01068328559087,Girello,4e6017d252b1260c121a429e,40.71951172925244,-74.00673665660206,Italian Restaurant
1011,Financial District,40.707107107270474,-74.01066544521271,Parm,556cb8c6498e751e51fbcf41,40.714513918016635,-74.01626377138824,Italian Restaurant
739,Little Italy,40.71932379395907,-73.99730467208073,Pepolino,4ad68c35f964a520c20721e3,40.720911200414974,-74.00515242264551,Italian Restaurant
1374,Stuyvesant Town,40.730999554770605,-73.97405170469203,L’Angeletto,5e337ecf549d49000748791c,40.73537826538086,-73.9829330444336,Italian Restaurant
381,Midtown,40.754691102706225,-73.98166882730305,Olive Garden,42f15a80f964a520bb261fe3,40.75941434851957,-73.98470179681998,Italian Restaurant
650,Lower East Side,40.71780674892765,-73.98089031999291,Bacaro,472a027af964a520ea4b1fe3,40.714467897557796,-73.9915893664933,Italian Restaurant
1491,Hudson Yards,40.75665808227519,-74.00011136202637,La Vela Dining & Bar,5633bec0498e430fc8ba8f3c,40.761156120634936,-73.99813983922871,Italian Restaurant
1149,Civic Center,40.71522892046282,-74.00541529873355,La Bella Vita,5058f3f3e4b0e7b3d5579161,40.71972725769591,-73.99715372833009,Italian Restaurant
1288,Turtle Bay,40.752042369507215,-73.96770824581834,Sola Pasta Bar cart,5afda12c0d8a0f002c87df75,40.75907138610822,-73.97302517033316,Italian Restaurant
399,Midtown,40.754691102706225,-73.98166882730305,La Masseria,4aaaeadcf964a5200c5820e3,40.76091947661139,-73.9865292075568,Italian Restaurant
1229,Sutton Place,40.760280331313744,-73.96355614094303,My Pie,4d3772ec9516236a6a058d51,40.76082855081432,-73.96934034103795,Pizza Place
1283,Turtle Bay,40.752042369507215,-73.96770824581834,Allora Alto,5946256e08815818ea34a928,40.754432,-73.972685,Italian Restaurant
1162,Civic Center,40.71522892046282,-74.00541529873355,Benito One,4a7f56ecf964a520baf31fe3,40.72007917530807,-73.99703268288178,Italian Restaurant
434,Murray Hill,40.748303077252174,-73.97833207924127,Angeletto,5b1db44d0d8a0f002c17fd87,40.753371,-73.969718,Italian Restaurant
383,Midtown,40.754691102706225,-73.98166882730305,Cipriani Le Specialita,4b737b0af964a5208db02de3,40.75182144039072,-73.97675430018707,Italian Restaurant
266,Upper West Side,40.787657998534854,-73.97705923630603,Bellini Italian Restaurant & Brick Oven Pizza,4b786cecf964a52052cd2ee3,40.784655556336745,-73.97352196636533,Italian Restaurant
229,Lenox Hill,40.76811265828733,-73.9588596881376,Sistina,4cf1d4171c158cfa42f6d3b5,40.77457100710825,-73.95425765298152,Italian Restaurant
1418,Flatiron,40.73967304763842,-73.99094710528259,Il Cantinori,4a08564af964a520b4731fe3,40.73242044058452,-73.99311269802905,Italian Restaurant
457,Murray Hill,40.748303077252174,-73.97833207924127,Allora,5841ccc14f218a0b9ba9003f,40.754394861901496,-73.97300480106992,Italian Restaurant
1392,Stuyvesant Town,40.730999554770605,-73.97405170469203,Giano Restaurant,49d8d101f964a520cb5d1fe3,40.7262419854671,-73.98411424942988,Italian Restaurant
1309,Turtle Bay,40.752042369507215,-73.96770824581834,Cafe Daniello's,4ba555aff964a52002fc38e3,40.75892062177985,-73.96575083289072,Italian Restaurant
367,Clinton,40.75910089146212,-73.99611936309479,Cielo At The Mayfair,50b93a9ee4b0f99bbdc7bba3,40.76153861089036,-73.9857199938105,Italian Restaurant
1403,Flatiron,40.73967304763842,-73.99094710528259,Il Pastaio di Eataly,5b7b54de56837a001cdae7a6,40.74190778739733,-73.98998792196113,Italian Restaurant
893,Gramercy,40.737209832715,-73.98137594833541,I Salumi I Formaggi,4f62a5dce4b09612cdfbae27,40.74205922654242,-73.98978588457396,Italian Restaurant
299,Lincoln Square,40.773528889421655,-73.98533777001262,Patavini,5bb6a96281635b002cb64f27,40.767202000000005,-73.981636,Italian Restaurant
376,Clinton,40.75910089146212,-73.99611936309479,Bond 45,59cc2439c530930c5ac0a887,40.759187878077995,-73.98630863742552,Italian Restaurant
261,Upper West Side,40.787657998534854,-73.97705923630603,Celeste,42489a80f964a5208a201fe3,40.786688640728016,-73.97573727885354,Italian Restaurant
592,East Village,40.727846777270244,-73.98222616506415,Follia,57c772d1498e6cb2f6531cdf,40.73514654217377,-73.98581484979155,Italian Restaurant
1167,Civic Center,40.71522892046282,-74.00541529873355,La Pizza & La Pasta,57acc558498e036ce8f2b0b4,40.710566583744715,-74.01249396848023,Pizza Place
1307,Turtle Bay,40.752042369507215,-73.96770824581834,Fagiolini's House of Lasagna,4b25838af964a520257324e3,40.749629999999996,-73.977457,Italian Restaurant
405,Midtown,40.754691102706225,-73.98166882730305,Rossinis,4b3c0273f964a520488025e3,40.749056388003616,-73.97902929114717,Italian Restaurant
1398,Flatiron,40.73967304763842,-73.99094710528259,Bocca Restaurant,4749a1adf964a520934c1fe3,40.73813256567985,-73.98901345499739,Italian Restaurant
1441,Flatiron,40.73967304763842,-73.99094710528259,Casa Apicii,579a7a58498e9c3e31410387,40.73381,-73.99875,Italian Restaurant
176,Yorkville,40.77592984988488,-73.94711784471826,Maruzzella Ristorante,4b9ad6c1f964a520dcda35e3,40.771227161558244,-73.95352643269811,Italian Restaurant
475,Murray Hill,40.748303077252174,-73.97833207924127,Park Italian Gourmet,4afc4d5ef964a520532122e3,40.756677846184274,-73.98194763998218,Deli / Bodega
1094,Noho,40.72325901885768,-73.98843368023597,Bar Primi,53726183498e6a101ea7fd06,40.72566109133918,-73.99176120758057,Italian Restaurant
13,Chinatown,40.71561842231432,-73.99427936255978,Sapori Ditalia,58a0d55f01f4336068ac5f77,40.717368,-73.998616,Italian Restaurant
296,Lincoln Square,40.773528889421655,-73.98533777001262,Noi Due Carne,5971432facc5f5412834b3f7,40.776221,-73.981486,Italian Restaurant
998,Financial District,40.707107107270474,-74.01066544521271,Joseph's Ristorante,4324c500f964a520ac271fe3,40.704635616440456,-74.00959755566966,Italian Restaurant
1217,Midtown South,40.7485096643122,-73.98871313285247,Norma,58252ebad02c06429707be49,40.74351520119016,-73.97978392045056,Italian Restaurant
88,Central Harlem,40.81597606742414,-73.94321112603905,Olive Garden,584ca4c2730a923792498b85,40.80790939349585,-73.94623046733338,Italian Restaurant
1173,Midtown South,40.7485096643122,-73.98871313285247,L'Amico,55e63b89498e3ed62f75cff3,40.747095705249464,-73.98980498026418,Italian Restaurant
268,Upper West Side,40.787657998534854,-73.97705923630603,Francesca's La Vela,4bca5bce937ca59323cca792,40.78230384650427,-73.97898268445478,Italian Restaurant
1396,Flatiron,40.73967304763842,-73.99094710528259,Eataly Flatiron,4c5ef77bfff99c74eda954d3,40.74198696405861,-73.98991319280194,Gourmet Shop
1355,Tudor City,40.7469174107402,-73.97121928722265,Il Postino,4b40fa78f964a520a8be25e3,40.75361318622201,-73.96758838733227,Italian Restaurant
1021,Financial District,40.707107107270474,-74.01066544521271,Medici 21,5398bb2a498e2365d286031b,40.70816091227341,-74.01433324219592,Italian Restaurant
272,Upper West Side,40.787657998534854,-73.97705923630603,Pasta Franco,5d96994607183d000710c398,40.785493,-73.972923,Italian Restaurant
1293,Turtle Bay,40.752042369507215,-73.96770824581834,Patsy's Pizzeria,50f9918de4b06a4e33f7bc7b,40.75028472783832,-73.97193065189576,Pizza Place
91,East Harlem,40.79224946663033,-73.94418223148523,Bardolino Pizza,58f248ef1ffe973298476c31,40.786615000000005,-73.950126,Pizza Place
1043,Carnegie Hill,40.782682567125704,-73.95325646837112,Due,3fd66200f964a520a0e91ee3,40.77463381076971,-73.95711571128723,Italian Restaurant
614,East Village,40.727846777270244,-73.98222616506415,Sorbillo Pizzeria,5a1b58e5f0b4905fe177d8a4,40.726040999999995,-73.99211600000001,Pizza Place
913,Gramercy,40.737209832715,-73.98137594833541,Tarallucci e Vino,49e8b984f964a52070651fe3,40.72889324686207,-73.98451308313844,Café
2,Marble Hill,40.87655077879964,-73.91065965862981,Patricia's of Tremont,4df272a918386ecb4e2cab2a,40.882543299999995,-73.9135008,Italian Restaurant
1087,Noho,40.72325901885768,-73.98843368023597,Parm,4d9f8d97a428a1cdd92acb04,40.72311702749351,-73.99579143672962,Italian Restaurant
743,Little Italy,40.71932379395907,-73.99730467208073,Piccola Cucina Osteria,4a372daef964a5203a9e1fe3,40.72519852438744,-74.00321951049129,Italian Restaurant
1258,Sutton Place,40.760280331313744,-73.96355614094303,Harry Cipriani,428a8580f964a52095231fe3,40.764449137155424,-73.97310787844293,Italian Restaurant
1174,Midtown South,40.7485096643122,-73.98871313285247,Stella 34 Trattoria,5113bdade4b02a8086623542,40.75036011,-73.98833372,Italian Restaurant
1401,Flatiron,40.73967304763842,-73.99094710528259,Mangia,4aa7a44ef964a520e44c20e3,40.7418246128738,-73.99067759513855,Italian Restaurant
1083,Noho,40.72325901885768,-73.98843368023597,Cafe'tal Social Club,4f8b60cfe4b09efba3540ce3,40.72420349023217,-73.99441090945868,Café
1102,Noho,40.72325901885768,-73.98843368023597,Puglia Restaurant,3fd66200f964a520ade61ee3,40.718165114645075,-73.99782187292206,Italian Restaurant
102,Upper East Side,40.77563857330181,-73.96050763135,Sant Ambroeus,4a22d7f9f964a520977d1fe3,40.77532770471081,-73.9628187835809,Italian Restaurant
1023,Carnegie Hill,40.782682567125704,-73.95325646837112,Sfoglia,4bb4d86886a8d13a83f8de7f,40.783419102094186,-73.95276825117784,Italian Restaurant
1492,Hudson Yards,40.75665808227519,-74.00011136202637,Non Solo Piada,585030bc4bafb73bd0302c6d,40.75427485934127,-73.99243393122256,Italian Restaurant
1245,Sutton Place,40.760280331313744,-73.96355614094303,Lavo,4c7ecc952042b1f79b0dc1ad,40.762919168049976,-73.97133777386868,Nightclub
1203,Midtown South,40.7485096643122,-73.98871313285247,Vezzo Thin Crust Pizza,44ae8bc6f964a52027351fe3,40.74450945040422,-73.98117652160661,Pizza Place
865,Manhattan Valley,40.797307041702865,-73.96428617740655,Gennaro Restaurant,4abc2282f964a5208a8620e3,40.79193160418364,-73.97193051298132,Italian Restaurant
1170,Civic Center,40.71522892046282,-74.00541529873355,Tutto Il Giorno Tribeca,52375dee11d23f06740c8f3e,40.718655478636066,-74.006215076712,Italian Restaurant
710,Little Italy,40.71932379395907,-73.99730467208073,Trapizzino,5070d27ae4b0513ffd4ddfe7,40.720389606149176,-73.98897171020508,Italian Restaurant
603,East Village,40.727846777270244,-73.98222616506415,Tre Restaurant & Wine Bar,49c98a0df964a52076581fe3,40.72179184267555,-73.98750652739736,Italian Restaurant
1240,Sutton Place,40.760280331313744,-73.96355614094303,Pescatore,3fd66200f964a5201ee81ee3,40.75536687773436,-73.96826261551003,Wine Bar
890,Gramercy,40.737209832715,-73.98137594833541,Il Pastaio di Eataly,5b7b54de56837a001cdae7a6,40.74190778739733,-73.98998792196113,Italian Restaurant
652,Lower East Side,40.71780674892765,-73.98089031999291,Una Pizza Napoletana,5ae016fc2faed54a007fbb89,40.7217497566995,-73.98858904985033,Pizza Place
1067,Carnegie Hill,40.782682567125704,-73.95325646837112,Pinocchio Ristorante,4bd223c941b9ef3b4770fde5,40.77985218985338,-73.94722321673736,Italian Restaurant
337,Clinton,40.75910089146212,-73.99611936309479,dell’anima,5c6377a0c824ae002c25c915,40.762408,-73.996936,Italian Restaurant
597,East Village,40.727846777270244,-73.98222616506415,Artichoke Basille’s Pizza,4800619cf964a520ec4e1fe3,40.732028,-73.983921,Pizza Place
1335,Tudor City,40.7469174107402,-73.97121928722265,La Stanza,54346628498ebac5863d871b,40.749652000000005,-73.977554,Italian Restaurant
962,Battery Park City,40.71193198394565,-74.01686930508617,Tre Sorelle,4eb0244ff7900d57e4ac27a3,40.71498068988547,-74.00649509953419,Italian Restaurant
1111,Noho,40.72325901885768,-73.98843368023597,Sorbillo Pizzeria,5a1b58e5f0b4905fe177d8a4,40.726040999999995,-73.99211600000001,Pizza Place
1095,Noho,40.72325901885768,-73.98843368023597,Frank Restaurant,3fd66200f964a5204de41ee3,40.726938831887495,-73.98889878151729,Italian Restaurant
34,Chinatown,40.71561842231432,-73.99427936255978,Galli Restaurant,5018507fe4b03a729d0b40f9,40.72160721760932,-74.0012348067045,Italian Restaurant
1081,Noho,40.72325901885768,-73.98843368023597,Cacio e Pepe,4230df80f964a520fe1f1fe3,40.73072012355311,-73.98610992772879,Italian Restaurant
372,Clinton,40.75910089146212,-73.99611936309479,Sardi's,3fd66200f964a520bdea1ee3,40.75811186328904,-73.987556330524,Italian Restaurant
31,Chinatown,40.71561842231432,-73.99427936255978,Spaghetti Incident,555ea6a9498e47aa037def3d,40.722075,-73.990104,Italian Restaurant
744,Little Italy,40.71932379395907,-73.99730467208073,Forlini's,41ddd100f964a520c21e1fe3,40.71712182973978,-73.99964489221334,Italian Restaurant
1379,Stuyvesant Town,40.730999554770605,-73.97405170469203,Gnocco,49c6a988f964a5206e571fe3,40.727110622403615,-73.98026760400236,Italian Restaurant
12,Chinatown,40.71561842231432,-73.99427936255978,Mille Nonne,5d36502d06c9400008e92028,40.717754,-73.988218,Italian Restaurant
859,Manhattan Valley,40.797307041702865,-73.96428617740655,Broadway Pizza & Restaurant,4bcbd62afb84c9b60ba21f3e,40.79951586489477,-73.96833044158434,Italian Restaurant
1031,Carnegie Hill,40.782682567125704,-73.95325646837112,Mimmo Cucina Italiana,5a823cbf1987ec6cdaea60dd,40.777675,-73.94578100000001,Italian Restaurant
837,West Village,40.73443393572435,-74.00617998126813,La Panineria,53235762498e36c1448965bf,40.73204750061123,-73.99563431739806,Sandwich Place
1250,Sutton Place,40.760280331313744,-73.96355614094303,Angelo Bellini,500225ece4b06c76d0c046cc,40.757217728186056,-73.96850584141673,Italian Restaurant
713,Little Italy,40.71932379395907,-73.99730467208073,Lil' Frankie's,3fd66200f964a520d0e41ee3,40.723444771266365,-73.9883282856349,Italian Restaurant
395,Midtown,40.754691102706225,-73.98166882730305,Sparks Steak House,3fd66200f964a5207ee71ee3,40.75315024487745,-73.97202587725334,Steakhouse
1369,Tudor City,40.7469174107402,-73.97121928722265,Sam's Place,4b887dcbf964a520e0fb31e3,40.749334600000005,-73.9772263,Italian Restaurant
1299,Turtle Bay,40.752042369507215,-73.96770824581834,My Pie,4d3772ec9516236a6a058d51,40.76082855081432,-73.96934034103795,Pizza Place
496,Chelsea,40.744034706747975,-74.00311633472813,Sotto 13,50a585b4e4b01812d6ad7384,40.73738054437971,-73.99915473017172,Italian Restaurant
200,Yorkville,40.77592984988488,-73.94711784471826,Tevere,4beb3df1b3352d7f084456d2,40.778007269438284,-73.95604200813644,Italian Restaurant
737,Little Italy,40.71932379395907,-73.99730467208073,Sant Ambroeus,5278266c11d293a0a590ad87,40.72340098362672,-73.99676947648369,Italian Restaurant
725,Little Italy,40.71932379395907,-73.99730467208073,Il Corallo Trattoria,3fd66200f964a52050e61ee3,40.726316030836585,-74.00194326157741,Italian Restaurant
1330,Tudor City,40.7469174107402,-73.97121928722265,Allora Alto,5946256e08815818ea34a928,40.754432,-73.972685,Italian Restaurant
918,Gramercy,40.737209832715,-73.98137594833541,La Pizza & La Pasta,53370455498e18d7e6607a1d,40.742449201897394,-73.98998303334244,Italian Restaurant
1042,Carnegie Hill,40.782682567125704,-73.95325646837112,Arturo's,4a84af7ff964a52055fd1fe3,40.775321463019594,-73.94766206824356,Italian Restaurant
471,Murray Hill,40.748303077252174,-73.97833207924127,Vago Restaurant,57dad81f498e43ee1c4a75c4,40.74591817601849,-73.97794756312334,Italian Restaurant
1274,Turtle Bay,40.752042369507215,-73.96770824581834,Sofia Wine Bar,4ab1914bf964a520076a20e3,40.755156922362644,-73.96915969563516,Wine Bar
954,Battery Park City,40.71193198394565,-74.01686930508617,Felice,5078413372da7d9d2e0d54ca,40.70783228127861,-74.00704045580463,Italian Restaurant
702,Little Italy,40.71932379395907,-73.99730467208073,Gelso & Grand,54f27deb498e47a670f5e399,40.71958,-73.99734000000001,Italian Restaurant
437,Murray Hill,40.748303077252174,-73.97833207924127,O&CO.,4d9a3903bbf7b1f70193924b,40.75241629869355,-73.97653767783936,Gourmet Shop
239,Lenox Hill,40.76811265828733,-73.9588596881376,Mediterraneo,4a0ad2b9f964a520ac741fe3,40.765048955812894,-73.96116428954427,Italian Restaurant
98,East Harlem,40.79224946663033,-73.94418223148523,East Harlem Icy's & Ice Cream,4c8bcc26f87e224bf1bc2e05,40.795119,-73.93571999999998,Italian Restaurant
564,Greenwich Village,40.72693288536128,-73.99991402945902,La Panineria,53235762498e36c1448965bf,40.73204750061123,-73.99563431739806,Sandwich Place
615,East Village,40.727846777270244,-73.98222616506415,Bruno's Gourmet Market,4a60ad34f964a52001c11fe3,40.733049654559224,-73.98128793943675,Sandwich Place
772,Soho,40.72218384131794,-74.0006566695976,Emilio's Ballato,4b0ddac5f964a520645123e3,40.724821351815976,-73.9945343878065,Italian Restaurant
352,Clinton,40.75910089146212,-73.99611936309479,Sergimmo Salumeria,4dcae1b18877502200c95822,40.75438818528088,-73.9956419490414,Italian Restaurant
756,Soho,40.72218384131794,-74.0006566695976,MAMO Restaurant,5510c86c498e168f07f2c78b,40.72193956209533,-74.00398779229398,Italian Restaurant
1422,Flatiron,40.73967304763842,-73.99094710528259,Ribalta,4f77a50fe4b05cde611bd97c,40.733258,-73.991664,Pizza Place
634,Lower East Side,40.71780674892765,-73.98089031999291,Lil' Frankie's,3fd66200f964a520d0e41ee3,40.723444771266365,-73.9883282856349,Italian Restaurant
799,Soho,40.72218384131794,-74.0006566695976,Alidoro,43446900f964a52073281fe3,40.725656,-74.002957,Sandwich Place
56,Washington Heights,40.851902525553044,-73.93690027985234,Pollo El Provocon,4e4e5a94bd4101d0d7a85abe,40.85171508789063,-73.93257141113281,Italian Restaurant
1249,Sutton Place,40.760280331313744,-73.96355614094303,Primola,422b9980f964a520d81f1fe3,40.76396220266903,-73.96196816246908,Italian Restaurant
1349,Tudor City,40.7469174107402,-73.97121928722265,Sparks Steak House,3fd66200f964a5207ee71ee3,40.75315024487745,-73.97202587725334,Steakhouse
874,Morningside Heights,40.807999738165826,-73.96389627905332,Ortomare,5c684f8f628c83002c05ae78,40.801113,-73.96185,Italian Restaurant
1329,Tudor City,40.7469174107402,-73.97121928722265,O&CO.,4d9a3903bbf7b1f70193924b,40.75241629869355,-73.97653767783936,Gourmet Shop
1366,Tudor City,40.7469174107402,-73.97121928722265,Alta Cucina's Epicurean Center,4a9d7c68f964a520533820e3,40.74995040893555,-73.98094940185547,Italian Restaurant
1059,Carnegie Hill,40.782682567125704,-73.95325646837112,Luna Rossa,4dcf3f00d22deadedd682925,40.77654404044222,-73.95032631591812,Italian Restaurant
297,Lincoln Square,40.773528889421655,-73.98533777001262,Jeannie's,5daf4756faac31000840fe7a,40.7664848,-73.980914,Pizza Place
167,Yorkville,40.77592984988488,-73.94711784471826,Lusardi's,45e724b3f964a5205b431fe3,40.77248900265256,-73.95543742831367,Italian Restaurant
1430,Flatiron,40.73967304763842,-73.99094710528259,Il Pesce,4e72a19945dd1ac617629a71,40.74216333939484,-73.98992966102307,Italian Restaurant
1373,Stuyvesant Town,40.730999554770605,-73.97405170469203,Frank's Trattoria,4b4bca62f964a520cba726e3,40.736031128715204,-73.97915989751004,Pizza Place
9,Chinatown,40.71561842231432,-73.99427936255978,Kimika,5f375ed976cccc26893db65a,40.720581,-73.99531400000001,Japanese Restaurant
722,Little Italy,40.71932379395907,-73.99730467208073,Max,4a31891bf964a520ed991fe3,40.716832000000004,-74.00846899999999,Italian Restaurant
153,Yorkville,40.77592984988488,-73.94711784471826,Mimmo Cucina Italiana,5a823cbf1987ec6cdaea60dd,40.777675,-73.94578100000001,Italian Restaurant
690,Tribeca,40.721521967443216,-74.01068328559087,Parm,556cb8c6498e751e51fbcf41,40.714513918016635,-74.01626377138824,Italian Restaurant
1407,Flatiron,40.73967304763842,-73.99094710528259,Don Angie,59dc07609ef8ef6202638fba,40.7378037,-74.00209389999998,Italian Restaurant
1342,Tudor City,40.7469174107402,-73.97121928722265,Cucina Express MetLife,4b7617f4f964a520473c2ee3,40.753909681432674,-73.97661913050392,Italian Restaurant
1448,Hudson Yards,40.75665808227519,-74.00011136202637,Carbon Italian Restaurant,4db8b4a46a2334682d993ff6,40.755505294147575,-73.99300887473369,Italian Restaurant
79,Manhattanville,40.81693442949779,-73.9573853935188,Max SoHa,3fd66200f964a52006e91ee3,40.81124079919392,-73.95786857142029,Italian Restaurant
1343,Tudor City,40.7469174107402,-73.97121928722265,Sofia Wine Bar,4ab1914bf964a520076a20e3,40.755156922362644,-73.96915969563516,Wine Bar
77,Manhattanville,40.81693442949779,-73.9573853935188,La Grata,5943034a1fa7633e4970ddfd,40.810677,-73.95837,Italian Restaurant
321,Lincoln Square,40.773528889421655,-73.98533777001262,Barcibo Enoteca,49e69d0cf964a5205b641fe3,40.776187,-73.98241999999999,Wine Bar
909,Gramercy,40.737209832715,-73.98137594833541,Coppola's,4a807240f964a52040f51fe3,40.74157184432409,-73.98135581011344,Italian Restaurant
1028,Carnegie Hill,40.782682567125704,-73.95325646837112,Sistina,57d9ddfe498e8a66d21ce8bb,40.777597,-73.961685,Italian Restaurant
769,Soho,40.72218384131794,-74.0006566695976,Rubirosa Ristorante,4cc6222106c25481d7a4a047,40.72270625453151,-73.99595719792266,Italian Restaurant
1352,Tudor City,40.7469174107402,-73.97121928722265,Vezzo Thin Crust Pizza,44ae8bc6f964a52027351fe3,40.74450945040422,-73.98117652160661,Pizza Place
511,Chelsea,40.744034706747975,-74.00311633472813,Il Bastardo,43cb5586f964a520b92d1fe3,40.750901,-74.004325,Italian Restaurant
830,West Village,40.73443393572435,-74.00617998126813,Villa Mosconi Restaurant,4b5210cbf964a5202f6527e3,40.72859493885317,-74.0018890599262,Italian Restaurant
1316,Turtle Bay,40.752042369507215,-73.96770824581834,Bistango,541cdacb498ee14d9f5c15c6,40.7562663798751,-73.97133886814117,Italian Restaurant
1462,Hudson Yards,40.75665808227519,-74.00011136202637,Fresh Italian Kitchen,517abcf5e4b0561404d8e453,40.75711844731307,-73.99046080983373,Italian Restaurant
347,Clinton,40.75910089146212,-73.99611936309479,Il Melograno,4a610549f964a520b0c11fe3,40.765428032249275,-73.99134150292315,Italian Restaurant
1458,Hudson Yards,40.75665808227519,-74.00011136202637,City Pizza,5cc201141c0b34002c590560,40.760017,-73.99163100000001,Pizza Place
1134,Civic Center,40.71522892046282,-74.00541529873355,Felice,5078413372da7d9d2e0d54ca,40.70783228127861,-74.00704045580463,Italian Restaurant
507,Chelsea,40.744034706747975,-74.00311633472813,Slice & Co,4cf6db7866585481afafcb98,40.73726880289916,-73.99683738404512,Pizza Place
1208,Midtown South,40.7485096643122,-73.98871313285247,Il Punto Ristorante,4abad7b8f964a520208320e3,40.75607945804827,-73.9945936203003,Italian Restaurant
385,Midtown,40.754691102706225,-73.98166882730305,Blake & Todd,4c24dcaaf7ced13a0484236d,40.75715632734872,-73.97933016480907,American Restaurant
524,Chelsea,40.744034706747975,-74.00311633472813,da Umberto,4a8c84daf964a520530e20e3,40.73947297401102,-73.99586404311717,Italian Restaurant
172,Yorkville,40.77592984988488,-73.94711784471826,The Meatball Shop,51c9e3f9498e2cb9c31d19ff,40.77165010970168,-73.95626364966381,Italian Restaurant
966,Battery Park City,40.71193198394565,-74.01686930508617,Cipriani,542b4e59498e6ff85d98370b,40.705819636883845,-74.01373646769203,Event Space
203,Lenox Hill,40.76811265828733,-73.9588596881376,Delizia 73 Ristorante & Pizza,4b495fb4f964a520a36e26e3,40.76873386522408,-73.95533009269842,Italian Restaurant
628,Lower East Side,40.71780674892765,-73.98089031999291,BigA,5bef97dab6b04b002b9b5ab3,40.721326,-73.98404000000001,Pizza Place
1131,Civic Center,40.71522892046282,-74.00541529873355,Scalini Fedeli,437bc800f964a520a52a1fe3,40.71722617263501,-74.00943297013102,Italian Restaurant
1155,Civic Center,40.71522892046282,-74.00541529873355,Puglia Restaurant,3fd66200f964a520ade61ee3,40.718165114645075,-73.99782187292206,Italian Restaurant
501,Chelsea,40.744034706747975,-74.00311633472813,Bottino Restaurant,4b4cc1f2f964a52087bd26e3,40.748562492428704,-74.00315413103208,Italian Restaurant
118,Upper East Side,40.77563857330181,-73.96050763135,Antonucci,4b3bedfaf964a5209e7e25e3,40.775710646540006,-73.95660701282836,Italian Restaurant
378,Clinton,40.75910089146212,-73.99611936309479,laboratorio di pasta,588b74be8f0be469f0737ba9,40.763498937056546,-73.98686578233139,Italian Restaurant
8,Chinatown,40.71561842231432,-73.99427936255978,Gran Tivoli,5c6f559535811b002c0d4496,40.72101076075688,-73.99764476936406,Italian Restaurant
1038,Carnegie Hill,40.782682567125704,-73.95325646837112,Siena Cafe,590a65714c9be62d13348591,40.78065246711153,-73.95279230183615,Italian Restaurant
1135,Civic Center,40.71522892046282,-74.00541529873355,Di Palo Fine Foods,49dad010f964a520b15e1fe3,40.719147699809156,-73.99657675353625,Gourmet Shop
1350,Tudor City,40.7469174107402,-73.97121928722265,Dolcino,4b999165f964a520428435e3,40.741545592010624,-73.97832120010115,Italian Restaurant
1402,Flatiron,40.73967304763842,-73.99094710528259,Obicà Mozzarella Bar Pizza e Cucina,5396110b498ecef1832bd696,40.740082,-73.989368,Italian Restaurant
76,Manhattanville,40.81693442949779,-73.9573853935188,Italian Tomato,4c8174d42f1c236a66213043,40.81935130225597,-73.96035206173204,Italian Restaurant
360,Clinton,40.75910089146212,-73.99611936309479,Carmine’s Italian Restaurant,3fd66200f964a5209ee81ee3,40.7574973,-73.9867788,Italian Restaurant
127,Upper East Side,40.77563857330181,-73.96050763135,Lusardi's,45e724b3f964a5205b431fe3,40.77248900265256,-73.95543742831367,Italian Restaurant
423,Midtown,40.754691102706225,-73.98166882730305,Villa Berulia,4afa15d8f964a520931622e3,40.74686337158743,-73.98061952888928,Italian Restaurant
641,Lower East Side,40.71780674892765,-73.98089031999291,Il Posto Accanto,42893400f964a5206c231fe3,40.72230066259489,-73.98418849489386,Italian Restaurant
258,Roosevelt Island,40.76215960576283,-73.94916769227953,Campagnola Restaurant,4b775e32f964a520a6952ee3,40.76891229915657,-73.95526786844195,Italian Restaurant
559,Greenwich Village,40.72693288536128,-73.99991402945902,Faicco's Italian Specialties,4a74a36af964a520fede1fe3,40.73111661087598,-74.0030425786972,Sandwich Place
269,Upper West Side,40.787657998534854,-73.97705923630603,Cafe Bar Trattoria,4fc15face4b0a06f8e871cb8,40.78600900257362,-73.9727496768371,Italian Restaurant
485,Chelsea,40.744034706747975,-74.00311633472813,Marble Downtown,5cfa83407564f7002c976ec0,40.74093298027421,-74.00486111640929,Italian Restaurant
760,Soho,40.72218384131794,-74.0006566695976,Vic's,54459a46498ecf8ec204cc61,40.72712693831235,-73.99315722406297,Italian Restaurant
842,West Village,40.73443393572435,-74.00617998126813,Codino,59ebd989f427de25c337d6dd,40.72980975356578,-74.00409709580583,Italian Restaurant
1211,Midtown South,40.7485096643122,-73.98871313285247,Manzo,4c7ee13301df37044eaee4ac,40.742395262298324,-73.98979967548229,Italian Restaurant
798,Soho,40.72218384131794,-74.0006566695976,Piccola Cucina Enoteca,579e5513498e9ffc61b6ad8e,40.7263971644023,-74.0021125319019,Italian Restaurant
286,Upper West Side,40.787657998534854,-73.97705923630603,Numero 28 Cucina,50678628e4b0058e9d1dd8f5,40.79165264104104,-73.97213683656608,Pizza Place
84,Central Harlem,40.81597606742414,-73.94321112603905,Cocola,5339e6e7498eca0d78ddf920,40.820646,-73.94885699999999,Italian Restaurant
427,Midtown,40.754691102706225,-73.98166882730305,Bond 45,59cc2439c530930c5ac0a887,40.759187878077995,-73.98630863742552,Italian Restaurant
290,Upper West Side,40.787657998534854,-73.97705923630603,La Vela Cucina Italiana,4e4e4da8bd4101d0d7a73f02,40.782261992811335,-73.9789745599206,Italian Restaurant
588,East Village,40.727846777270244,-73.98222616506415,Eleven B,4ae1b55df964a520df8621e3,40.72747183784737,-73.97949778968578,Italian Restaurant
807,West Village,40.73443393572435,-74.00617998126813,Da Toscano,5d990825600d16000893f693,40.730311,-74.001023,Italian Restaurant
1078,Noho,40.72325901885768,-73.98843368023597,Zia Maria Little Italy,5c89cad22632ec002c2722d4,40.71850429999999,-73.997465,Italian Restaurant
757,Soho,40.72218384131794,-74.0006566695976,Scalini Fedeli,437bc800f964a520a52a1fe3,40.71722617263501,-74.00943297013102,Italian Restaurant
312,Lincoln Square,40.773528889421655,-73.98533777001262,Pomodoro Rosso,4aecab04f964a52023ca21e3,40.77645205483577,-73.97948094775064,Italian Restaurant
888,Gramercy,40.737209832715,-73.98137594833541,Bruno's Gourmet Market,4a60ad34f964a52001c11fe3,40.733049654559224,-73.98128793943675,Sandwich Place
926,Gramercy,40.737209832715,-73.98137594833541,Vini E Fritti,59dd1ccaf870fd589f795fca,40.74493966883248,-73.98432077847656,Italian Restaurant
712,Little Italy,40.71932379395907,-73.99730467208073,Osteria Morini,4c7d4f1b8da18cfa1afc9ece,40.721990000000005,-73.99779000000001,Italian Restaurant
181,Yorkville,40.77592984988488,-73.94711784471826,Firenze,5c4d015f1fa763002c7a6d66,40.774516999999996,-73.954351,Italian Restaurant
1454,Hudson Yards,40.75665808227519,-74.00011136202637,villa pasta on 42nd Street,4adfcc54f964a5207e7d21e3,40.7574140555588,-73.98930154388094,Italian Restaurant
746,Little Italy,40.71932379395907,-73.99730467208073,Cafe Altro Paradiso,566ccc9e498e30e477702118,40.725487,-74.004609,Italian Restaurant
146,Upper East Side,40.77563857330181,-73.96050763135,Luna Rossa,4dcf3f00d22deadedd682925,40.77654404044222,-73.95032631591812,Italian Restaurant
1039,Carnegie Hill,40.782682567125704,-73.95325646837112,San Matteo Pizzeria e Cucina,562c1df4498e2c64fb4a9faa,40.77467365540778,-73.95422132318019,Italian Restaurant
1098,Noho,40.72325901885768,-73.98843368023597,Emilio's Ballato,4b0ddac5f964a520645123e3,40.724821351815976,-73.9945343878065,Italian Restaurant
668,Tribeca,40.721521967443216,-74.01068328559087,Gran Morsi,5421eb06498e1b6b9c1bfd9c,40.7142461922744,-74.00792514672227,Italian Restaurant
448,Murray Hill,40.748303077252174,-73.97833207924127,Cipriani Dolci,49f1d030f964a520b9691fe3,40.75296890645557,-73.97779158520818,Italian Restaurant
659,Tribeca,40.721521967443216,-74.01068328559087,Nonna Beppa,5b4e3d49db3aef00246d2d3f,40.72555830691896,-74.00740279095679,Italian Restaurant
728,Little Italy,40.71932379395907,-73.99730467208073,Emilio's Ballato,4b0ddac5f964a520645123e3,40.724821351815976,-73.9945343878065,Italian Restaurant
1114,Noho,40.72325901885768,-73.98843368023597,Gran Tivoli,5c6f559535811b002c0d4496,40.72101076075688,-73.99764476936406,Italian Restaurant
365,Clinton,40.75910089146212,-73.99611936309479,Lugo Cucina,4b4d140bf964a5202aca26e3,40.7512149,-73.9922235,Italian Restaurant
1133,Civic Center,40.71522892046282,-74.00541529873355,Piemonte Ravioli Co,4b06ceddf964a5209df022e3,40.71928886970164,-73.99727038821489,Gourmet Shop
1199,Midtown South,40.7485096643122,-73.98871313285247,Rosticceria,4f5a3f7ae4b0d28c6907c6a9,40.742201772100735,-73.9895400719941,Sandwich Place
821,West Village,40.73443393572435,-74.00617998126813,Il Corallo Trattoria,3fd66200f964a52050e61ee3,40.726316030836585,-74.00194326157741,Italian Restaurant
1463,Hudson Yards,40.75665808227519,-74.00011136202637,Casa Nonna,4d0122e21ebe6dcb3d918b91,40.7549995,-73.9927853,Italian Restaurant
784,Soho,40.72218384131794,-74.0006566695976,Epistrophy,439b5079f964a520de2b1fe3,40.72125349956161,-73.9956515046584,Café
223,Lenox Hill,40.76811265828733,-73.9588596881376,Felice 64,4a2172ccf964a520f37c1fe3,40.762706137157465,-73.95973879585064,Wine Bar
824,West Village,40.73443393572435,-74.00617998126813,Cappone’s Salumeria,56a1214f498e7512685bb8a1,40.742095,-74.00558670000001,Italian Restaurant
1390,Stuyvesant Town,40.730999554770605,-73.97405170469203,Il Forno Pizza and Pasta Restaurant,4bd37996b221c9b631e2d9d0,40.73608386265311,-73.98243784569709,Italian Restaurant
1139,Civic Center,40.71522892046282,-74.00541529873355,Gigino Trattoria,3fd66200f964a520aae61ee3,40.717300200804466,-74.01068799174668,Italian Restaurant
441,Murray Hill,40.748303077252174,-73.97833207924127,Villa Berulia,4afa15d8f964a520931622e3,40.74686337158743,-73.98061952888928,Italian Restaurant
314,Lincoln Square,40.773528889421655,-73.98533777001262,Patsy's Pizzeria,4a9359caf964a5209b1f20e3,40.778614321307224,-73.97749187354587,Pizza Place
572,Greenwich Village,40.72693288536128,-73.99991402945902,Pasquale Jones,56bbc58e498eed7b2c402556,40.721078399999996,-73.9967554,Pizza Place
1014,Financial District,40.707107107270474,-74.01066544521271,La Pizza & La Pasta,57acc558498e036ce8f2b0b4,40.710566583744715,-74.01249396848023,Pizza Place
1440,Flatiron,40.73967304763842,-73.99094710528259,da Umberto,4a8c84daf964a520530e20e3,40.73947297401102,-73.99586404311717,Italian Restaurant
1465,Hudson Yards,40.75665808227519,-74.00011136202637,Gallo Nero,4a9338e0f964a5203a1f20e3,40.75984402183097,-73.99203155138916,Wine Bar
99,East Harlem,40.79224946663033,-73.94418223148523,Cucina Con Amore,50a5966be4b0d5aeb2e3f097,40.80101776123047,-73.94578552246094,Italian Restaurant
1018,Financial District,40.707107107270474,-74.01066544521271,Orto E Mare,57c630ad498ea0b1bcfb8da2,40.7098656921563,-74.01168495754513,Italian Restaurant
447,Murray Hill,40.748303077252174,-73.97833207924127,Ristoro del Cinghiale,5bab2290d03360002ca0191a,40.742096999999994,-73.98368099999998,Italian Restaurant
1388,Stuyvesant Town,40.730999554770605,-73.97405170469203,Cafe Cotto,4bc20e832a89ef3b9f20f388,40.72491455078125,-73.9786148071289,Italian Restaurant
472,Murray Hill,40.748303077252174,-73.97833207924127,Norma,58252ebad02c06429707be49,40.74351520119016,-73.97978392045056,Italian Restaurant
891,Gramercy,40.737209832715,-73.98137594833541,Patrizia's of Manhattan,551f21cd498e341e6a5e1276,40.739815,-73.979263,Italian Restaurant
689,Tribeca,40.721521967443216,-74.01068328559087,Giorgione,44e9b357f964a520a4371fe3,40.7259336147366,-74.0085029184152,Italian Restaurant
1341,Tudor City,40.7469174107402,-73.97121928722265,Olive Tree Italian,4b6c4ebaf964a520612f2ce3,40.74473571777344,-73.98121643066406,Italian Restaurant
308,Lincoln Square,40.773528889421655,-73.98533777001262,Masseria dei Vini,54961b98498eccc96c4a93d7,40.76825851178507,-73.98543867963437,Italian Restaurant
1019,Financial District,40.707107107270474,-74.01066544521271,Ancorra,4f3b0717e4b05966f53cbd46,40.70411592981371,-74.01246831568159,Italian Restaurant
752,Soho,40.72218384131794,-74.0006566695976,Cipriani Downtown,40f5c900f964a520a30a1fe3,40.72356529900164,-74.00277252633407,Italian Restaurant
1036,Carnegie Hill,40.782682567125704,-73.95325646837112,G&J's Pizzeria,55835b10498e4d4b71a919c7,40.78188882691579,-73.94578699754763,Pizza Place
611,East Village,40.727846777270244,-73.98222616506415,Cacio e Vino,4a3d99e6f964a52084a21fe3,40.72653581211978,-73.98926623628431,Italian Restaurant
1230,Sutton Place,40.760280331313744,-73.96355614094303,Farinella Bakery,538a7bfb498ed1082713bd5a,40.76367370201977,-73.96714182136479,Pizza Place
560,Greenwich Village,40.72693288536128,-73.99991402945902,Cotenna,543075b3498e283e38ad9dec,40.729014,-74.003539,Italian Restaurant
1372,Stuyvesant Town,40.730999554770605,-73.97405170469203,11B Express,4aad8027f964a5209d6020e3,40.727554084558335,-73.97964807568043,Pizza Place
969,Battery Park City,40.71193198394565,-74.01686930508617,Pronto Pizza,4bf6e92e5efe2d7fb1016834,40.71001795396908,-74.0124181650513,Pizza Place
613,East Village,40.727846777270244,-73.98222616506415,Gnoccheria by Luzzo's,56d25b49cd10ac3ebb4e591c,40.723455801486175,-73.98287251475887,Italian Restaurant
214,Lenox Hill,40.76811265828733,-73.9588596881376,La Crosta Restaurant & Gourmet Pizzeria,4c0fde4b81e976b0623c0eeb,40.76712542095526,-73.95433751846889,Pizza Place
1423,Flatiron,40.73967304763842,-73.99094710528259,Gene's,49bf033cf964a520fe541fe3,40.735298088622656,-73.99799753076256,Italian Restaurant
1197,Midtown South,40.7485096643122,-73.98871313285247,La Pizza & La Pasta,53370455498e18d7e6607a1d,40.742449201897394,-73.98998303334244,Italian Restaurant
561,Greenwich Village,40.72693288536128,-73.99991402945902,La Lanterna di Vittorio,3fd66200f964a520cee91ee3,40.73064081178975,-74.00013663852398,Italian Restaurant
655,Tribeca,40.721521967443216,-74.01068328559087,Max,4a31891bf964a520ed991fe3,40.716832000000004,-74.00846899999999,Italian Restaurant
489,Chelsea,40.744034706747975,-74.00311633472813,Pizzo tecca,4c118dc217002d7fce7ce609,40.750616540512674,-74.00307454767166,Italian Restaurant
1201,Midtown South,40.7485096643122,-73.98871313285247,Rossinis,4b3c0273f964a520488025e3,40.749056388003616,-73.97902929114717,Italian Restaurant
1287,Turtle Bay,40.752042369507215,-73.96770824581834,Cucina Express MetLife,4b7617f4f964a520473c2ee3,40.753909681432674,-73.97661913050392,Italian Restaurant
1480,Hudson Yards,40.75665808227519,-74.00011136202637,John's Pizzeria,49ff15a9f964a520c76f1fe3,40.758272421532396,-73.98865409238584,Pizza Place
1252,Sutton Place,40.760280331313744,-73.96355614094303,Barbaresco Restaurant,4b660239f964a520120e2be3,40.765465679930095,-73.96574511791451,Italian Restaurant
986,Financial District,40.707107107270474,-74.01066544521271,Antinori Ristorante - Ancora,4aba753bf964a520698120e3,40.70408725739665,-74.01251824515337,Italian Restaurant
895,Gramercy,40.737209832715,-73.98137594833541,Ristoro del Cinghiale,5bab2290d03360002ca0191a,40.742096999999994,-73.98368099999998,Italian Restaurant
849,West Village,40.73443393572435,-74.00617998126813,Babbo Ristorante e Enoteca,3fd66200f964a5206fe91ee3,40.73235389869603,-73.99923115968699,Italian Restaurant
810,West Village,40.73443393572435,-74.00617998126813,Extra Virgin,41478600f964a520b91c1fe3,40.73533960098671,-74.00332725652542,Italian Restaurant
1163,Civic Center,40.71522892046282,-74.00541529873355,Parm,556cb8c6498e751e51fbcf41,40.714513918016635,-74.01626377138824,Italian Restaurant
578,East Village,40.727846777270244,-73.98222616506415,Gnocco,49c6a988f964a5206e571fe3,40.727110622403615,-73.98026760400236,Italian Restaurant
569,Greenwich Village,40.72693288536128,-73.99991402945902,Codino,59ebd989f427de25c337d6dd,40.72980975356578,-74.00409709580583,Italian Restaurant
1317,Turtle Bay,40.752042369507215,-73.96770824581834,Fresco,50b02a8ee4b0e7b98eee5fb7,40.75895480483779,-73.97412714037435,Italian Restaurant
1195,Midtown South,40.7485096643122,-73.98871313285247,Tony's Di Napoli,4adce863f964a5206c6221e3,40.75643191257544,-73.9855039331182,Italian Restaurant
1248,Sutton Place,40.760280331313744,-73.96355614094303,Amali,4e986ef030f87b6eacd4462e,40.76324833982047,-73.96866311711476,Mediterranean Restaurant
1417,Flatiron,40.73967304763842,-73.99094710528259,Patrizia's of Manhattan,551f21cd498e341e6a5e1276,40.739815,-73.979263,Italian Restaurant
534,Greenwich Village,40.72693288536128,-73.99991402945902,Pepe Rosso To Go,3fd66200f964a52023e61ee3,40.727226,-74.001595,Italian Restaurant
1161,Civic Center,40.71522892046282,-74.00541529873355,Caffé Palermo,45ab8a84f964a52045411fe3,40.7191007780181,-73.99743668008965,Bakery
917,Gramercy,40.737209832715,-73.98137594833541,Novità Cucina Creativa,4b741ab4f964a5202cc82de3,40.73945522193693,-73.98654815039062,Italian Restaurant
150,Upper East Side,40.77563857330181,-73.96050763135,Tevere,4beb3df1b3352d7f084456d2,40.778007269438284,-73.95604200813644,Italian Restaurant
111,Upper East Side,40.77563857330181,-73.96050763135,Sandros,4b6391a9f964a52007842ae3,40.774391808592505,-73.95370694213887,Italian Restaurant
520,Chelsea,40.744034706747975,-74.00311633472813,Gonzo,3fd66200f964a520dce51ee3,40.73720169067383,-73.9991455078125,Italian Restaurant
451,Murray Hill,40.748303077252174,-73.97833207924127,L'Amico,55e63b89498e3ed62f75cff3,40.747095705249464,-73.98980498026418,Italian Restaurant
1140,Civic Center,40.71522892046282,-74.00541529873355,Rosella's Pizzeria,4ade131af964a520db7221e3,40.710143,-74.00573100000001,Pizza Place
1137,Civic Center,40.71522892046282,-74.00541529873355,Gelso & Grand,54f27deb498e47a670f5e399,40.71958,-73.99734000000001,Italian Restaurant
567,Greenwich Village,40.72693288536128,-73.99991402945902,L'Artusi,4a27289cf964a52062911fe3,40.73388781755426,-74.00511448337453,Italian Restaurant
94,East Harlem,40.79224946663033,-73.94418223148523,Nocciola Ristorante,53effc79498eddd22101127d,40.79737489139285,-73.93846514829416,Italian Restaurant
968,Battery Park City,40.71193198394565,-74.01686930508617,La Pizza & La Pasta,57acc558498e036ce8f2b0b4,40.710566583744715,-74.01249396848023,Pizza Place
530,Greenwich Village,40.72693288536128,-73.99991402945902,Carroll Place,5319188d498e3fb409caa7fd,40.728543776153494,-73.99983388039426,Italian Restaurant
1266,Sutton Place,40.760280331313744,-73.96355614094303,Toscana 49,57559322498e0c448e8bef53,40.75584313594723,-73.97237837991595,Italian Restaurant
1228,Sutton Place,40.760280331313744,-73.96355614094303,Angeletto,5b1db44d0d8a0f002c17fd87,40.753371,-73.969718,Italian Restaurant
947,Battery Park City,40.71193198394565,-74.01686930508617,Antica Ristorante,5633b5cf498e17f8e8cff376,40.704057088447264,-74.01252196496701,Italian Restaurant
1222,Midtown South,40.7485096643122,-73.98871313285247,Leonelli Bakery (Leonelli Focacceria e Pasticceria),5b462e7bab42d9002c138e36,40.743859,-73.986982,Bakery
971,Battery Park City,40.71193198394565,-74.01686930508617,Josephine's,4ce15e483644a093d6bc5c9f,40.719102491385456,-74.01056894104583,Italian Restaurant
424,Midtown,40.754691102706225,-73.98166882730305,Cellini,4ac2427ef964a520739820e3,40.76004159370443,-73.97292632823702,Italian Restaurant
184,Yorkville,40.77592984988488,-73.94711784471826,Radicchio Pasta and Risotto Co.,57940bb3498e3d20db4ceec3,40.783427,-73.950733,Italian Restaurant
817,West Village,40.73443393572435,-74.00617998126813,Bar Pitti,3fd66200f964a52074e91ee3,40.729204246828665,-74.00238648966736,Italian Restaurant
175,Yorkville,40.77592984988488,-73.94711784471826,Antonucci,4b3bedfaf964a5209e7e25e3,40.775710646540006,-73.95660701282836,Italian Restaurant
1382,Stuyvesant Town,40.730999554770605,-73.97405170469203,Luzzo's,4a790030f964a520cbe61fe3,40.73056492935832,-73.98319149074905,Pizza Place
708,Little Italy,40.71932379395907,-73.99730467208073,Pasquale Jones,56bbc58e498eed7b2c402556,40.721078399999996,-73.9967554,Pizza Place
794,Soho,40.72218384131794,-74.0006566695976,Pasquale Jones,56bbc58e498eed7b2c402556,40.721078399999996,-73.9967554,Pizza Place
164,Yorkville,40.77592984988488,-73.94711784471826,San Matteo Pizzeria e Cucina,562c1df4498e2c64fb4a9faa,40.77467365540778,-73.95422132318019,Italian Restaurant
509,Chelsea,40.744034706747975,-74.00311633472813,Serafina Meatpacking,4f8ca5e0e4b0cbdd4aee48cd,40.739678177184636,-74.00632187017585,Italian Restaurant
1152,Civic Center,40.71522892046282,-74.00541529873355,Galli Restaurant,5018507fe4b03a729d0b40f9,40.72160721760932,-74.0012348067045,Italian Restaurant
1426,Flatiron,40.73967304763842,-73.99094710528259,Olio e Piú,4c44eaf559d99c7452f5fbad,40.73387296442834,-73.99959874968566,Italian Restaurant
980,Financial District,40.707107107270474,-74.01066544521271,Giardino D'oro,4bb54fe02f70c9b6c6188430,40.70754838388947,-74.00724936519595,Italian Restaurant
631,Lower East Side,40.71780674892765,-73.98089031999291,Arancini Bros,5ce7332c1acf11002cd8cf3d,40.717715999999996,-73.98813,Fast Food Restaurant
880,Morningside Heights,40.807999738165826,-73.96389627905332,Max SoHa,3fd66200f964a52006e91ee3,40.81124079919392,-73.95786857142029,Italian Restaurant
1269,Sutton Place,40.760280331313744,-73.96355614094303,Bistango,541cdacb498ee14d9f5c15c6,40.7562663798751,-73.97133886814117,Italian Restaurant
1351,Tudor City,40.7469174107402,-73.97121928722265,La Trattoria,4e473b97fa76a07fde65b0d8,40.7517554843149,-73.9707605366591,Pizza Place
105,Upper East Side,40.77563857330181,-73.96050763135,Caravaggio,4a678012f964a52095c91fe3,40.773297,-73.964764,Italian Restaurant
1247,Sutton Place,40.760280331313744,-73.96355614094303,La Pecora Bianca,59dfff99419a9e7fcc5b5fa2,40.755115567092155,-73.96850858256543,Italian Restaurant
1006,Financial District,40.707107107270474,-74.01066544521271,Harry's Italian Pizza Bar,4fa862b3e4b0ebff2f749f06,40.71521779064671,-74.01473940209351,Pizza Place
52,Chinatown,40.71561842231432,-73.99427936255978,Pasquale Jones,56bbc58e498eed7b2c402556,40.721078399999996,-73.9967554,Pizza Place
188,Yorkville,40.77592984988488,-73.94711784471826,Ginos Pizzeria,4ad52027f964a5200a0221e3,40.775231503163006,-73.95130152695029,Italian Restaurant
86,Central Harlem,40.81597606742414,-73.94321112603905,Fumo,56d8e01d498ef1500ae7fbfe,40.82141198794549,-73.95049884872276,Italian Restaurant
18,Chinatown,40.71561842231432,-73.99427936255978,Noga,5a67f244efa82a09cc008653,40.71949,-73.989914,Italian Restaurant
171,Yorkville,40.77592984988488,-73.94711784471826,Numero 28 Pizza,4f3daa90e4b0fbbbd6cc20d8,40.76929345769922,-73.95496593295219,Pizza Place
1308,Turtle Bay,40.752042369507215,-73.96770824581834,Cellini,4ac2427ef964a520739820e3,40.76004159370443,-73.97292632823702,Italian Restaurant
443,Murray Hill,40.748303077252174,-73.97833207924127,Barclay Bar & Grill,3fd66200f964a5206ae71ee3,40.75552497305506,-73.97387564963938,Italian Restaurant
364,Clinton,40.75910089146212,-73.99611936309479,Da Marino Restaurant,4a7dfd6ef964a52089f01fe3,40.761233542839285,-73.98505513262265,Italian Restaurant
1279,Turtle Bay,40.752042369507215,-73.96770824581834,Cipriani Le Specialita,4b737b0af964a5208db02de3,40.75182144039072,-73.97675430018707,Italian Restaurant
189,Yorkville,40.77592984988488,-73.94711784471826,Casa Pizza & Restaurant,580bf506d67c230d4776aa7a,40.77540615532465,-73.95649720541803,Pizza Place
342,Clinton,40.75910089146212,-73.99611936309479,Manganaro's Hero Boy,49f20537f964a520d3691fe3,40.75559362768429,-73.99473199817882,Sandwich Place
748,Little Italy,40.71932379395907,-73.99730467208073,Piccola Cucina Enoteca,579e5513498e9ffc61b6ad8e,40.7263971644023,-74.0021125319019,Italian Restaurant
1172,Civic Center,40.71522892046282,-74.00541529873355,Locanda Verde,4a149749f964a52055781fe3,40.719981,-74.010002,Italian Restaurant
426,Midtown,40.754691102706225,-73.98166882730305,Bistango,541cdacb498ee14d9f5c15c6,40.7562663798751,-73.97133886814117,Italian Restaurant
1194,Midtown South,40.7485096643122,-73.98871313285247,Sergimmo Salumeria,4dcae1b18877502200c95822,40.75438818528088,-73.9956419490414,Italian Restaurant
1321,Turtle Bay,40.752042369507215,-73.96770824581834,Sam's Place,4b887dcbf964a520e0fb31e3,40.749334600000005,-73.9772263,Italian Restaurant
948,Battery Park City,40.71193198394565,-74.01686930508617,Pomodoro Pizza,4a875b51f964a520110420e3,40.70810126375103,-74.01391766307624,Pizza Place
1275,Turtle Bay,40.752042369507215,-73.96770824581834,La Trattoria,4e473b97fa76a07fde65b0d8,40.7517554843149,-73.9707605366591,Pizza Place
370,Clinton,40.75910089146212,-73.99611936309479,Il Punto Ristorante,4abad7b8f964a520208320e3,40.75607945804827,-73.9945936203003,Italian Restaurant
1239,Sutton Place,40.760280331313744,-73.96355614094303,Nello,4b048e66f964a5202a5522e3,40.76578655468747,-73.96983035317567,Italian Restaurant
231,Lenox Hill,40.76811265828733,-73.9588596881376,The Meatball Shop,51c9e3f9498e2cb9c31d19ff,40.77165010970168,-73.95626364966381,Italian Restaurant
392,Midtown,40.754691102706225,-73.98166882730305,Barilla Restaurants,528b65eb498e12f0376394bd,40.761146297477204,-73.97915527885375,Italian Restaurant
1235,Sutton Place,40.760280331313744,-73.96355614094303,Da Raffaele,567f3485498e0948d80ffcfd,40.753636,-73.966984,Italian Restaurant
1108,Noho,40.72325901885768,-73.98843368023597,Paesano of Mulberry Street,4b23f44ff964a520b75d24e3,40.71865804005737,-73.99763564551803,Italian Restaurant
1381,Stuyvesant Town,40.730999554770605,-73.97405170469203,Sauce Pizzeria,5ba2bdd5c824ae002c065c67,40.73022073882447,-73.98409435083894,Pizza Place
843,West Village,40.73443393572435,-74.00617998126813,Carbone,504b2a9ee4b006c435a465d3,40.72790327156426,-74.00013635911864,Italian Restaurant
576,Greenwich Village,40.72693288536128,-73.99991402945902,Malatesta Trattoria,4a552b26f964a520c4b31fe3,40.73280815951983,-74.00852213960593,Italian Restaurant
1260,Sutton Place,40.760280331313744,-73.96355614094303,Ristorante DeGrezia,4c3fa0a8af052d7f10a67a79,40.75536173115359,-73.96961430939784,Italian Restaurant
178,Yorkville,40.77592984988488,-73.94711784471826,Italianissimo Ristorante,4b651459f964a52030e32ae3,40.776350516996175,-73.95217891729664,Italian Restaurant
516,Chelsea,40.744034706747975,-74.00311633472813,Zia Maria Pizzeria Restaurant,577d7237498eaa7a13f48103,40.74556628874974,-73.99909448773764,Italian Restaurant
1183,Midtown South,40.7485096643122,-73.98871313285247,La Pecora Bianca,55a03533498ec7e74011d0af,40.74361963,-73.9892228,Italian Restaurant
469,Murray Hill,40.748303077252174,-73.97833207924127,Bella Napoli,4a79bf64f964a52087e71fe3,40.74579717388401,-73.98451363679715,Pizza Place
1318,Turtle Bay,40.752042369507215,-73.96770824581834,cucina vivolo,4afd8ae2f964a520732822e3,40.76042644688295,-73.96599657569496,Italian Restaurant
1056,Carnegie Hill,40.782682567125704,-73.95325646837112,Parma Restaurant,4ab972d6f964a520697f20e3,40.77493,-73.95721,Italian Restaurant
209,Lenox Hill,40.76811265828733,-73.9588596881376,Sette Mezzo,4aeb7568f964a52043c221e3,40.769294621465185,-73.96300133834809,Italian Restaurant
533,Greenwich Village,40.72693288536128,-73.99991402945902,Coco Pazzo Kitchen & Restaurant,5ab53749446ea6289e41b0e6,40.72603648767269,-74.00150712341329,Italian Restaurant
219,Lenox Hill,40.76811265828733,-73.9588596881376,Bella Blu,3fd66200f964a52075e91ee3,40.769248984453256,-73.96304867967362,Italian Restaurant
548,Greenwich Village,40.72693288536128,-73.99991402945902,Rubirosa Ristorante,4cc6222106c25481d7a4a047,40.72270625453151,-73.99595719792266,Italian Restaurant
335,Clinton,40.75910089146212,-73.99611936309479,Mercato,4bbb9caaafe1b7139a6b2f4b,40.75629813785912,-73.99350663463123,Italian Restaurant
